"https://www.kayak.com/cars/Celebration,FL-c42164/2023-06-24/2023-07-01?sort=rank_a"
"https://www.kayak.com/cars/Oak-Ridge,FL-c318560/2023-06-24/2023-07-01"
https://www.kayak.com/Cheap-Holden-Heights-Car-Rentals.318518.cars.ksp
"https://www.kayak.com/cars/Orlovista,FL-c323968/2023-06-24/2023-07-01"
"https://www.kayak.com/cars/Windermere,FL-c15765/2023-06-24/2023-07-01"
"https://www.kayak.com/cars/Williamsburg,FL-c323940/2023-06-24/2023-07-01"
"https://www.kayak.com/cars/Doctor-Phillips,FL-c131132/2023-06-24/2023-07-01"
https://www.kayak.com/Cheap-Buena-Ventura-Lakes-Car-Rentals.318494.cars.ksp
"https://www.kayak.com/cars/Alafaya,FL-c126284/2023-06-24/2023-07-01"
"https://www.kayak.com/cars/Lake-Hart,FL-c124875/2023-06-24/2023-07-01"
"https://www.kayak.com/cars/Goldenrod,FL-c27134/2023-06-24/2023-07-01"
https://www.kayak.com/Cheap-Union-Park-Car-Rentals.324000.cars.ksp
"https://www.kayak.com/cars/Kissimmee,FL-c34622/2023-06-24/2023-07-01"
"https://www.kayak.com/cars/Winter-Haven,FL-c14500/2023-06-24/2023-07-01"
"https://www.kayak.com/cars/Four-Corners,FL-c78616/2023-06-24/2023-07-01"
"https://www.kayak.com/cars/Sanford,FL-c31798/2023-06-24/2023-07-01"
"https://www.kayak.com/cars/Maitland,FL-c3108/2023-06-24/2023-07-01"
"https://www.kayak.com/cars/Bay-Lake,FL-c99582/2023-06-24/2023-07-01"
"https://www.kayak.com/cars/Oviedo,FL-c9792/2023-06-24/2023-07-01"
"https://www.kayak.com/cars/Winter-Park,FL-c1526/2023-06-24/2023-07-01"
"https://www.kayak.com/cars/Lake-Mary,FL-c3563/2023-06-24/2023-07-01"
https://www.kayak.com/Cheap-Lake-Buena-Vista-Car-Rentals.45050.cars.ksp
"https://www.kayak.com/cars/Tenafly,NJ-c22751/2023-06-24/2023-07-01"
https://www.kayak.com/Cheap-Union-City-Car-Rentals.21233.cars.ksp
"https://www.kayak.com/cars/Elmont,NY-c20615/2023-06-24/2023-07-01"
https://www.kayak.com/Cheap-Edgewater-Car-Rentals.29989.cars.ksp
"https://www.kayak.com/cars/Fairview,NJ-c21781/2023-06-24/2023-07-01"
"https://www.kayak.com/cars/Little-Ferry,NJ-c23441/2023-06-24/2023-07-01"
https://www.kayak.com/Cheap-Monterey-Park-Car-Rentals.8894.cars.ksp
https://www.kayak.com/Cheap-Monrovia-Car-Rentals.25907.cars.ksp
https://www.kayak.com/security/check?out=San-Gabriel%2CCA-c33893%2F2023-06-24%2F2023-07-01&url=%2Fcars%2FSan-Gabriel%2CCA-c33893%2F2023-06-24%2F2023-07-01
https://www.kayak.com/security/check?out=Tujunga%2CCA-c3630%2F2023-06-24%2F2023-07-01&url=%2Fcars%2FTujunga%2CCA-c3630%2F2023-06-24%2F2023-07-01
https://www.kayak.com/security/check?out=Temple-City%2CCA-c29064%2F2023-06-24%2F2023-07-01&url=%2Fcars%2FTemple-City%2CCA-c29064%2F2023-06-24%2F2023-07-01
https://www.kayak.com/Cheap-Hermosa-Beach-Car-Rentals.17369.cars.ksp
https://www.kayak.com/Cheap-Pasadena-Car-Rentals.12996.cars.ksp
https://www.kayak.com/Cheap-Beverly-Hills-Car-Rentals.9023.cars.ksp
https://www.kayak.com/security/check?out=Santa-Clarita%2CCA-c8805%2F2023-06-24%2F2023-07-01&url=%2Fcars%2FSanta-Clarita%2CCA-c8805%2F2023-06-24%2F2023-07-01
https://www.kayak.com/security/check?out=Lawndale%2CCA-c4694%2F2023-06-24%2F2023-07-01&url=%2Fcars%2FLawndale%2CCA-c4694%2F2023-06-24%2F2023-07-01
https://www.kayak.com/security/check?out=Rosemead%2CCA-c17321%2F2023-06-24%2F2023-07-01&url=%2Fcars%2FRosemead%2CCA-c17321%2F2023-06-24%2F2023-07-01
https://www.kayak.com/security/check?out=Culver-City%2CCA-c10450%2F2023-06-24%2F2023-07-01&url=%2Fcars%2FCulver-City%2CCA-c10450%2F2023-06-24%2F2023-07-01
https://www.kayak.com/security/check?out=Federal-Heights%2CCO-c37030%2F2023-06-24%2F2023-07-01&url=%2Fcars%2FFederal-Heights%2CCO-c37030%2F2023-06-24%2F2023-07-01
https://www.kayak.com/security/check?out=Glendale%2CCO-c43666%2F2023-06-24%2F2023-07-01&url=%2Fcars%2FGlendale%2CCO-c43666%2F2023-06-24%2F2023-07-01
