"https://www.kayak.com/cars/Beverly-Hills,CA-c9023/2023-06-24/2023-07-01"
https://www.kayak.com/Cheap-Sherman-Oaks-Car-Rentals.30464.cars.ksp
https://www.rentalcars.com//IATASearch.do?from=LAX&to=LAX&puDay=24&puMonth=6&puYear=2023&doDay=1&doMonth=7&doYear=2023&puHour=12&puMinute=00&doHour=12&doMinute=00&driversAge=25&affiliateCode=kayakcom_fd&prefcurrency=usd&preflang=en&cor=us&adcamp=XGOGxzHNhnYJMuZiQeyv5iB9fkppf0tZ-Udb4htgBhpA668DdASrTOA%3D%3D
"https://www.kayak.com/cars/Lawndale,CA-c4694/2023-06-24/2023-07-01"
"https://www.kayak.com/cars/Rosemead,CA-c17321/2023-06-24/2023-07-01"
"https://www.kayak.com/cars/Culver-City,CA-c10450/2023-06-24/2023-07-01"
"https://www.kayak.com/cars/Federal-Heights,CO-c37030/2023-06-24/2023-07-01"
"https://www.kayak.com/cars/Glendale,CO-c43666/2023-06-24/2023-07-01"
"https://www.kayak.com/cars/Sheridan,CO-c37055/2023-06-24/2023-07-01"
"https://www.kayak.com/cars/Foxfield,CO-c121042/2023-06-24/2023-07-01"
https://www.kayak.com/Cheap-Westminster-Car-Rentals.19466.cars.ksp
https://www.kayak.com/Cheap-Wheat-Ridge-Car-Rentals.5296.cars.ksp
"https://www.kayak.com/cars/South-San-Francisco,CA-c4234/2023-06-24/2023-07-01"
"https://www.kayak.com/cars/Daly-City,CA-c22322/2023-06-24/2023-07-01"
"https://www.kayak.com/cars/San-Bruno,CA-c9013/2023-06-24/2023-07-01"
"https://www.kayak.com/cars/Emeryville,CA-c3143/2023-06-24/2023-07-01"
"https://www.kayak.com/cars/Colma,CA-c319504/2023-06-24/2023-07-01"
"https://www.kayak.com/cars/Sausalito,CA-c9201/2023-06-24/2023-07-01"
"https://www.kayak.com/cars/Sunrise-Manor,NV-c112900/2023-06-24/2023-07-01"
"https://www.kayak.com/cars/Winchester,NV-c112899/2023-06-24/2023-07-01"
https://www.kayak.com/Cheap-Nellis-AFB-Car-Rentals.8770.cars.ksp
"https://www.kayak.com/cars/Paradise,NV-c112902/2023-06-24/2023-07-01"
"https://www.kayak.com/cars/Whitney,NV-c112901/2023-06-24/2023-07-01"
"https://www.kayak.com/cars/Henderson,NV-c30449/2023-06-24/2023-07-01"
https://www.kayak.com/Cheap-North-Las-Vegas-Car-Rentals.33780.cars.ksp
"https://www.kayak.com/cars/Summerlin-South,NV-c112898/2023-06-24/2023-07-01"
"https://www.kayak.com/cars/Winthrop,MA-c29929/2023-06-24/2023-07-01"
https://www.kayak.com/Cheap-Chestnut-Hill-Car-Rentals.20783.cars.ksp
https://www.kayak.com/security/check?out=Waltham%2CMA-c8039%2F2023-06-24%2F2023-07-01&url=%2Fcars%2FWaltham%2CMA-c8039%2F2023-06-24%2F2023-07-01
https://www.kayak.com/Cheap-Medford-Car-Rentals.11290.cars.ksp
https://www.kayak.com/Cheap-Needham-Car-Rentals.165.cars.ksp
https://www.kayak.com/security/check?out=Newton%2CMA-c25952%2F2023-06-24%2F2023-07-01&url=%2Fcars%2FNewton%2CMA-c25952%2F2023-06-24%2F2023-07-01
https://www.kayak.com/security/check?out=Harwood-Heights%2CIL-c26756%2F2023-06-24%2F2023-07-01&url=%2Fcars%2FHarwood-Heights%2CIL-c26756%2F2023-06-24%2F2023-07-01
https://www.kayak.com/security/check?out=Mount-Prospect%2CIL-c3287%2F2023-06-24%2F2023-07-01&url=%2Fcars%2FMount-Prospect%2CIL-c3287%2F2023-06-24%2F2023-07-01
https://www.kayak.com/security/check?out=Skokie%2CIL-c36190%2F2023-06-24%2F2023-07-01&url=%2Fcars%2FSkokie%2CIL-c36190%2F2023-06-24%2F2023-07-01
https://www.kayak.com/security/check?out=Oak-Park%2CIL-c12592%2F2023-06-24%2F2023-07-01&url=%2Fcars%2FOak-Park%2CIL-c12592%2F2023-06-24%2F2023-07-01
https://www.kayak.com/security/check?out=Rolling-Meadows%2CIL-c19029%2F2023-06-24%2F2023-07-01&url=%2Fcars%2FRolling-Meadows%2CIL-c19029%2F2023-06-24%2F2023-07-01
https://www.kayak.com/security/check?out=Blue-Island%2CIL-c12396%2F2023-06-24%2F2023-07-01&url=%2Fcars%2FBlue-Island%2CIL-c12396%2F2023-06-24%2F2023-07-01
https://www.kayak.com/security/check?out=Berwyn%2CIL-c27044%2F2023-06-24%2F2023-07-01&url=%2Fcars%2FBerwyn%2CIL-c27044%2F2023-06-24%2F2023-07-01
https://www.kayak.com/security/check?out=Broadview-Park%2CFL-c318491%2F2023-06-24%2F2023-07-01&url=%2Fcars%2FBroadview-Park%2CFL-c318491%2F2023-06-24%2F2023-07-01
https://www.kayak.com/security/check?out=Hollywood-Beach-Gardens%2CFL-c92753%2F2023-06-24%2F2023-07-01&url=%2Fcars%2FHollywood-Beach-Gardens%2CFL-c92753%2F2023-06-24%2F2023-07-01
https://www.kayak.com/security/check?out=Lauderdale-by-the-Sea%2CFL-c45152%2F2023-06-24%2F2023-07-01&url=%2Fcars%2FLauderdale-by-the-Sea%2CFL-c45152%2F2023-06-24%2F2023-07-01
https://www.kayak.com/Cheap-Dania-Beach-Car-Rentals.37123.cars.ksp
https://www.kayak.com/Cheap-Pompano-Beach-Car-Rentals.51340.cars.ksp
https://www.kayak.com/security/check?out=Hollywood%2CFL-c8637%2F2023-06-24%2F2023-07-01&url=%2Fcars%2FHollywood%2CFL-c8637%2F2023-06-24%2F2023-07-01
https://www.kayak.com/security/check?out=Plantation%2CFL-c37230%2F2023-06-24%2F2023-07-01&url=%2Fcars%2FPlantation%2CFL-c37230%2F2023-06-24%2F2023-07-01
https://www.kayak.com/security/check?out=Margate%2CFL-c9384%2F2023-06-24%2F2023-07-01&url=%2Fcars%2FMargate%2CFL-c9384%2F2023-06-24%2F2023-07-01
https://www.kayak.com/security/check?out=Coconut-Creek%2CFL-c30132%2F2023-06-24%2F2023-07-01&url=%2Fcars%2FCoconut-Creek%2CFL-c30132%2F2023-06-24%2F2023-07-01
https://www.kayak.com/security/check?out=Lauderdale-Lakes%2CFL-c37172%2F2023-06-24%2F2023-07-01&url=%2Fcars%2FLauderdale-Lakes%2CFL-c37172%2F2023-06-24%2F2023-07-01
https://www.kayak.com/security/check?out=Lauderhill%2CFL-c37173%2F2023-06-24%2F2023-07-01&url=%2Fcars%2FLauderhill%2CFL-c37173%2F2023-06-24%2F2023-07-01
https://www.kayak.com/security/check?out=North-Lauderdale%2CFL-c37197%2F2023-06-24%2F2023-07-01&url=%2Fcars%2FNorth-Lauderdale%2CFL-c37197%2F2023-06-24%2F2023-07-01
https://www.kayak.com/security/check?out=Litchfield-Park%2CAZ-c24662%2F2023-06-24%2F2023-07-01&url=%2Fcars%2FLitchfield-Park%2CAZ-c24662%2F2023-06-24%2F2023-07-01
"https://www.kayak.com/cars/Anthem,AZ-c40724/2023-06-24/2023-07-01"
